{
    "remove_columns": [
        "Cửa Cấm",
        "Ba lạt",
        "Ba Thá",
        "Đồ Nghi",
        "Phú Lễ"
    ],
    "mean": {
        "timestamp": null,
        "Lào cai": 7662.383684120466,
        "Yên bái": 2596.711199520876,
        "Vụ Quang": 711.3107032854209,
        "Hà giang": 9451.855407255305,
        "Bắc mê": 11687.100316563998,
        "Vĩnh tuy": 4041.7965862423,
        "Hàm Yên": 2655.086285078713,
        "Tuyên Quang": 1566.3163073237508,
        "Sơn Tây": 384.89112765229294,
        "Hà Nội": 201.32794318959617,
        "Chũ": 214.25607460643394,
        "Phả lại": 95.09672313483915,
        "Cửa Cấm": null,
        "Ba lạt": null,
        "Phú thọ": 1343.811473305955,
        "Ba Thá": null,
        "Đồ Nghi": null,
        "Phú Lễ": null,
        "Hòn Dấu": 16.415554414784395,
        "Q xả Thác Bà": 150.2219370294319,
        "Q xả Hoà Bình": 1480.0844254791239,
        "Q xả Tuyên Quang": 342.1729757015742,
        "month": null,
        "day": null
    },
    "std": {
        "timestamp": null,
        "Lào cai": 97.02834346800505,
        "Yên bái": 151.3171107285735,
        "Vụ Quang": 184.44860163797566,
        "Hà giang": 104.57054408790337,
        "Bắc mê": 173.6383205088085,
        "Vĩnh tuy": 121.25002596490658,
        "Hàm Yên": 103.42886305550893,
        "Tuyên Quang": 157.31597341645124,
        "Sơn Tây": 195.77379901619872,
        "Hà Nội": 120.30090723357884,
        "Chũ": 81.49216610448275,
        "Phả lại": 61.97516665514876,
        "Cửa Cấm": null,
        "Ba lạt": null,
        "Phú thọ": 116.08733608677963,
        "Ba Thá": null,
        "Đồ Nghi": null,
        "Phú Lễ": null,
        "Hòn Dấu": 76.68050675172823,
        "Q xả Thác Bà": 156.36048832396978,
        "Q xả Hoà Bình": 1197.875041879703,
        "Q xả Tuyên Quang": 337.52095473706356,
        "month": null,
        "day": null
    },
    "output_columns": [
        "Lào cai",
        "Vụ Quang",
        "Hà giang",
        "Bắc mê",
        "Vĩnh tuy",
        "Hàm Yên",
        "Tuyên Quang",
        "Sơn Tây",
        "Hà Nội",
        "Chũ",
        "Phả lại",
        "Phú thọ"
    ],
    "cond_columns": [
        "Yên bái",
        "Hòn Dấu",
        "Q xả Thác Bà",
        "Q xả Hoà Bình",
        "Q xả Tuyên Quang",
        "month",
        "day"
    ],
    "input_columns": [
        "Lào cai",
        "Vụ Quang",
        "Hà giang",
        "Bắc mê",
        "Vĩnh tuy",
        "Hàm Yên",
        "Tuyên Quang",
        "Sơn Tây",
        "Hà Nội",
        "Chũ",
        "Phả lại",
        "Phú thọ",
        "month",
        "day"
    ]
}